Inv. Steve 4751. 	Cuvette à fleurs « Courteille »	Manufacture royale de porcelaine de Vincennes, 1754-1755.	Dimensions : haut. : 0,193 m ; long. : 0,315 m .
Inv. Steve 232	Vase « Urne Antique »	Manufacture royale de porcelaine de Vincennes, 1754-1755.	Dimensions : haut. (sans couvercle): 0,274 m ; haut. (avec couvercle) : 0,295 m ; long. : 0,185 m ; larg. : 0,135 m .
Inv. Steve 4980	Vase « hollandais »	Manufacture royale de porcelaine de Vincennes, 1755-1756.	Dimensions : haut. : 0,181 m ; long. : 0,182 m ; larg. : 0,135 m .
Inv. Steve 4980	Socle	Manufacture royale de porcelaine de Vincennes, 1755-1756.	Dimensions : haut. : 0,045 m ; long. : 0,182 m ; larg. : 0,135 m ; haut. totale : 0,189 m.
Inv. Steve 4981	Vase « hollandais »	Manufacture royale de porcelaine de Vincennes, 1755-1756.	Dimensions : haut. : 0,178 m ; long. : 0,187 m ; larg. : 0,135 m.
Inv. Steve 4981	Socle	Manufacture royale de porcelaine de Vincennes, 1755-1756.	Dimensions : haut. : 0,045 m ; long. : 0,183 m ; larg. : 0,137 m ; haut. totale : 0,189 m.
Inv. Steve 4845	Vase « hollandais »	Manufacture royale de porcelaine de Vincennes, 1754-1755.	Dimensions : haut. : 0,170 m ; long. : 0,195 m ; larg. : 0,145 m.
Inv. Steve 4845	Socle	Manufacture royale de porcelaine de Vincennes, 1755-1756.	Dimensions : haut. : 0,045 m ; long. : 0,182 m ; larg. : 0,135 m ; haut. totale : 0,189 m.
Inv. Steve 4846	Vase « hollandais »	Manufacture royale de porcelaine de Vincennes, 1756-1757.	Dimensions : haut. : 0,170 m ; long. : 0,195 m ; larg. : 0,145 m.
Inv. Steve 4846 	Socle	Manufacture royale de porcelaine de Vincennes, 1755-1756.	Dimensions : haut. : 0,045 m ; long. : 0,182 m ; larg. : 0,135 m ; haut. totale : 0,189 m.
Inv. Steve 4991	Corbeille « unie »	Manufacture royale de porcelaine de Vincennes, 1756-1757.	Dimensions : haut. : 0,09 m ; long. : 0,150 m ; larg. : 0,146 m.
Inv. Steve 4849	Cuvette « Verdun »	Manufacture royale de porcelaine de Sèvres, 1757.	Dimensions : haut. : 0,160 m ; long. : 0,332 m ; larg. : 0,166 m .
Inv. Steve 4862	Cuvette « Verdun »	Manufacture royale de porcelaine de Sèvres, 1757.	Dimensions : haut. : 0,160 m ; long. : 0,332 m ; larg. : 0,166 m .
Inv. Steve 4889	Vase « ferré »	Manufacture royale de porcelaine de Sèvres, vers 1765-1770.	Dimensions : haut. (avec couvercle): 0,420 m ; haut. (sans couvercle) : 0,330 m ; diam. : 0,160 m ; larg. : 0,180 m (environ).
Inv. Steve 4890	Vase « ferré »	Manufacture royale de porcelaine de Sèvres, vers 1765-1770.	Dimensions : haut. (avec couvercle): 0,420 m ; haut. (sans couvercle) : 0,330 m ; diam. : 0,160 m ; larg. : 0,180 m (environ).
Inv. Steve 1527	Caisse à fleurs « carrée »	Manufacture royale de porcelaine de Sèvres, 1766.	Dimensions : haut. : 0,128 m ; diam. : 0,108 m .
Inv. Steve 1528	Caisse à fleurs « carrée »	Manufacture royale de porcelaine de Sèvres, 1766.	Dimensions : haut. : 0,128 m ; diam. : 0,108 m .
Inv. Steve 2176	Caisse à fleurs « carrée »	Manufacture royale de porcelaine de Sèvres, vers 1766-1770.	Dimensions : haut. : 0,150 m ; diam. : 0,110 m .
Inv. Steve 2177	Caisse à fleurs « carrée »	Manufacture royale de porcelaine de Sèvres, vers 1766-1770.	Dimensions : haut. : 0,150 m ; diam. : 0,110 m .
Inv. Steve 4751	Cuvette « Courteille »	Manufacture royale de porcelaine de Sèvres, 1767.	Dimensions : haut. : 0,197 m ; long. : 0,320 m.
Inv. Steve 4738	« Vase gobelet monté »	Manufacture royale de porcelaine de Sèvres, vers 1770.	Dimensions : haut. : 0,285 m ; long. : 0,190 m ; larg. : 0,095 m.
Inv. Steve 4739	« Vase gobelet monté »	Manufacture royale de porcelaine de Sèvres, vers 1770.	Dimensions : haut. : 0,220 m ; long. : 0,140 m ; larg. : 0,080 m.
Inv. Steve 4740	« Vase gobelet monté »	Manufacture royale de porcelaine de Sèvres, vers 1770.	Dimensions : haut. : 0,220 m ; long. : 0,140 m ; larg. : 0,080 m.
Inv. Steve 4740. 	Vase « B de 1780 » 	Manufacture royale de porcelaine de Sèvres, vers 1777.	Dimensions : haut. (avec couvercle) : 0,400 m ; long. : 0,215 m (environ); socle : larg. : 0,102 ; long. : 0,100 m..
Inv. Steve 4862. 	Vase « B de 1780 »	Manufacture royale de porcelaine de Sèvres, vers 1777.	Dimensions : haut. (avec couvercle) : 0,400 m ; long. : 0,215 m (environ); socle : larg. : 0,102 ; long. : 0,100 m..
Inv. Steve 5057. 	Vase « des âges »	Manufacture royale de porcelaine de Sèvres, 1779.	Dimensions : haut. : 0,490 m ; larg. : 0,265 m ; larg. : 0,200 m. 
Inv. Steve 4855	Vase « des âges »	Manufacture royale de porcelaine de Sèvres, 1779.	Dimensions : haut. : 0,430 m ; long. : 0,240 m ; larg. : 0,180 m. 
Inv. Steve 4854	Vase « des âges »	Manufacture royale de porcelaine de Sèvres, 1779.	Dimensions : haut. : 0,430 m ; long. : 0,240 m ; larg. : 0,180 m. 
Inv. Steve 3576	Soucoupe de gobelet à « quatre pans ronds »	Manufacture royale de porcelaine de Vincennes, vers 1752.	Dimensions : haut. : 0,030 m ; long. 0,141 m ; larg. : 0,133 m.
Inv. Steve 5361	Pot à sucre à « quatre pans ronds »	Manufacture royale de porcelaine de Vincennes, vers 1752.	Dimensions : haut. : 0,088 m ; long. 0,094 m ; larg. : 0,087 m.
Inv. Steve 3426	Soucoupe de gobelet « Hébert »	Manufacture royale de porcelaine de Vincennes, vers 1753.	Dimensions : haut. : 0,024 m ; diam ; : 0,138 m.
Inv. Steve : 4866 ancien inventaire : 2375 A	Théière « Calabre »	Manufacture royale de porcelaine de Vincennes, vers 1753-1754.	Dimensions : haut. (a. c.) : 0,115 m ; haut. (s. c.): 0,092 m ; long. : 0,160 m ; larg. : 0,110 m ; diam. 0,055 m.
Inv. Steve 5034	Pot à sucre « Calabre » 	Manufacture royale de porcelaine de Vincennes, 1753-1754.	Dimensions : haut. (s. c.): 0,070 m ; haut. (a. c.) : 0,094 m ; diam. : 0,091 m. 
Inv. Steve 4906	Plateau « en porte-huillier »	Manufacture royale de porcelaine de Vincennes, 1753-1754.	Dimensions : haut. : 0,053 m ; long. : 0,272 m ; larg. 0,138 m.
Inv. Steve 4903	Gobelet « à la Reine »	Manufacture royale de porcelaine de Vincennes, 1753-1754.	Dimensions : haut. : 0,073 m ; diam. 0,075 m ; prof. : 0,095 m.
Inv. Steve 4909	Pot à sucre « du Roy »	Manufacture royale de porcelaine de Vincennes, 1753-1754.	Dimensions : haut. (s. c.): 0,053 m ; diam. 0,081 m.
Inv. Steve 4994	Soucoupe de gobelet « litron »	Manufacture royale de porcelaine de Sèvres, 1754-1755.	Dimensions : haut. : 0,032 m ; diam. : 0,141 m.
Inv. Steve 3460	Gobelet « Hébert »	Manufacture royale de porcelaine de Vincennes, 1754-1755.	Dimensions : haut. : 0,064 m ; diam. : 0,077 m ; long. : 0,102 m. 
Inv. Steve 4735	Gobelet « Bouret »	Manufacture royale de porcelaine de Vincennes, 1754-1755.	Dimensions : haut. : 0,043 m ; diam. : 0,057 m.
Inv. Steve 4767	Gobelet  « à la Reine » et sa soucoupe	Manufacture royale de porcelaine de Vincennes, 1754-1755.	Dimensions : haut. : 0,082 m ; diam. : 0,086 m ; prof. : 0,112 m ;
Inv. Steve 4768	Soucoupe	Manufacture royale de porcelaine de Vincennes, 1754-1755.	Dimensions : haut. : 0,038 m ; diam. : 0,157 m.
Inv. Steve 4905	Pot à lait « Hébert »	Manufacture royale de porcelaine de Vincennes, 1753-1754.	Dimensions : haut. (a. c.) : 0,126 m ; haut. (s. c.): 0,098 m ; long. : 0,110 m ; larg. : 0,080 m ; diam. 0,055 m.
Inv. Steve 4874	Pot à sucre « Hébert »	Manufacture royale de porcelaine de Vincennes, 1753-1754.	Dimensions : haut. (a. c.) : 0,085 m ; haut. (s. c.): 0,056 m ; diam. 0,075 m.
Inv. Steve 1274	Pot à sucre « Hébert »	Manufacture royale de porcelaine de Vincennes, 1753-1754.	Dimensions : haut. (a. c.) : 0,065 m ; haut. (s. c.): 0,045 m ; diam. 0,055 m.
Inv. Steve 4873	Pot à sucre « Calabre »	Manufacture royale de porcelaine de Vincennes, 1753-1754.	Dimensions : haut. (s. c.): 0,070 m ; diam. 0,090 m.
Inv. Steve 4988	Pot à sucre « à la Reine »	Manufacture royale de porcelaine de Vincennes, vers 1753-1754.	Dimensions : haut. (s. c.): 0,062 m ; haut. (a. c.): 0,090 ; diam. : 0,110 m.
Inv. Steve 5000	Plateau « Hébert »	Manufacture royale de porcelaine de Vincennes, 1754-1755.	Dimensions : haut. : 0,033 m ; long. : 0,287 m ; larg ; : 0,230 m.
Inv. Steve 3417	Pot à lait « à trois pieds »	Manufacture royale de porcelaine de Sèvres, 1754-1755.	Dimensions : haut. : 0,094 m ; long. : 0,110 m ; larg ; : 0,078 m.
Inv. Steve 4733.4994	Plateau « en porte-huillier »	Manufacture royale de porcelaine de Vincennes, vers 1754.	Dimensions : haut. : 0,049 m ; long. : 0,277 m ; larg. 0,138 m.
	Plateau « en porte-huillier »	Manufacture royale de porcelaine de Vincennes, vers 1754.	Dimensions : haut. : 0,049 m ; long. : 0,277 m ; larg. 0,138 m.
Inv. Steve 3456	Gobelet « couvert »	Manufacture royale de porcelaine de Vincennes, 1755-1756.	Dimensions : haut. : 0,068 m ; diam. : 0,069 m ; long. : 0,092 m. 
Inv. Steve 3457	Soucoupe	Manufacture royale de porcelaine de Vincennes, 1755-1756.	Dimensions : haut. : 0,033 m ; diam. : 0,135 m.
Inv. Steve 3414	Pot à sucre « Bouret »	Manufacture royale de porcelaine de Sèvres, 1755-1756.	Dimensions : haut. (a. c.): 0,083 m ; haut. (s. c.): 0,076 m ; diam. : 0,076 m.
Inv. Steve 3435	Gobelet « couvert »	Manufacture royale de porcelaine de Sèvres, vers 1756 ?	Dimensions : haut. : 0,068 m ; diam. : 0,066 m ; long. : 0,088 m. 
Inv. Steve. 4982	Plateau « à tiroir à pieds »	Manufacture royale de porcelaine de Vincennes, vers 1755-1756 ?	Dimensions : plateau : haut. : 0,028 m; long. : 0,178 m ; larg. : 0,126 m.
Inv. Steve 4983	Pot à lait « à trois pieds »	Manufacture royale de porcelaine de Vincennes, vers 1755-1756 ?	Dimensions :  Haut : 8 Long : 8 Prof : 13
Inv. Steve 4984	Pot à sucre « Calabre »	Manufacture royale de porcelaine de Vincennes, vers 1755-1756 ?	Dimensions : haut. (sans couvercle): 0,050 m ; haut. (avec couvercle) : 0,070 m ; diam. : 0,060 m.
Inv. Steve. 4989	Gobelet « Bouillard »	Manufacture royale de porcelaine de Vincennes, vers 1755-1756 ?	Dimensions : haut. : 0,042 m ; diam ; : 0,056 m ; long ; : 0,072 m ;
Inv. Steve. 4990	Soucoupe.	Manufacture royale de porcelaine de Vincennes, vers 1755-1756 ?	Dimensions : haut ; : 0,024 m ; diam ; : 0 ,096 m.
Inv. Steve 3430	Gobelet « litron »	Manufacture royale de porcelaine de Sèvres, 1756-1757.	Dimensions : haut. : 0,068 m ; long. : 0,089 m ; diam. : 0,066 m.
Inv. Steve 3431	Gobelet « litron »	Manufacture royale de porcelaine de Sèvres, 1756-1757.	Dimensions : haut. : 0,068 m ; long. : 0,089 m ; diam. : 0,066 m.
Inv. Steve 3432	Gobelet « litron »	Manufacture royale de porcelaine de Sèvres, 1756-1757.	Dimensions : haut. : 0,068 m ; long. : 0,089 m ; diam. : 0,066 m.
Inv. Steve 3433	Gobelet « litron »	Manufacture royale de porcelaine de Sèvres, 1756-1757.	Dimensions : haut. : 0,068 m ; long. : 0,089 m ; diam. : 0,066 m.
Inv. Steve 3434	Gobelet « litron »	Manufacture royale de porcelaine de Sèvres, 1756-1757.	Dimensions : haut. : 0,068 m ; long. : 0,089 m ; diam. : 0,066 m.
Inv. Steve 3419	Soucoupe	Manufacture royale de porcelaine de Sèvres, 1756-1757.	Dimensions : haut. : 0,030 m ; diam. : 0,140 m.
Inv. Steve 3420	Soucoupe	Manufacture royale de porcelaine de Sèvres, 1756-1757.	Dimensions : haut. : 0,030 m ; diam. : 0,140 m.
Inv. Steve 3422	Soucoupe	Manufacture royale de porcelaine de Sèvres, 1756-1757.	Dimensions : haut. : 0,030 m ; diam. : 0,140 m.
Inv. Steve 3423	Soucoupe	Manufacture royale de porcelaine de Sèvres, 1756-1757.	Dimensions : haut. : 0,030 m ; diam. : 0,140 m.
Inv. Steve 3424	Soucoupe	Manufacture royale de porcelaine de Sèvres, 1756-1757.	Dimensions : haut. : 0,030 m ; diam. : 0,140 m.
Inv. Steve 3409	Gobelet « litron »	Manufacture royale de porcelaine de Sèvres, 1756-1757.	Dimensions : haut. : 0,060 m ; diam. : 0,070 m ; long. : 0,095 m ; 
Inv. Steve 3410	Soucoupe	Manufacture royale de porcelaine de Sèvres, 1756-1757.	Dimensions : haut. : 0,030 m ; diam. : 0,138 m.
Inv. Steve 4857	Pot à lait « à trois pieds »	Manufacture royale de porcelaine de Sèvres, 1756-1757.	Dimensions : haut. : 0,080 m ; long. : 0,085 m ; larg. : 0,065 m.
Inv. Steve 1267	Pot à lait « à trois pieds »	Manufacture royale de porcelaine de Sèvres, 1756-1757	Dimensions : haut. : 0,094 m ; diam. : 0,078 m ; prof. : 0,110 m.
Inv. Steve 5377	Théière « Calabre »	Manufacture royale de porcelaine de Sèvres, 1756-1757	Dimensions : haut. : 0,123 m ; long. : 0,185 m ; larg. : 0,096 m.
Inv. Steve 3467	Gobelet « Calabre »	Manufacture royale de porcelaine de Sèvres, 1756-1757.	Dimensions : haut. : 0,068 m ; diam. : 0,063 m ; long. : 0,087 m.
Inv. Steve 3462	Soucoupe	Manufacture royale de porcelaine de Sèvres, 1757-1758.	Dimensions : haut. : 0,029 m ; diam. : 0,125 m.
Inv. Steve 5032	Pot à sucre « Calabre »	Manufacture royale de porcelaine de Sèvres, 1757-1758.	Dimensions : haut. (s. c.): 0,050 m ; haut. (a. c.) : 0,073 m ; diam. : 0,061 m.
Inv. Steve 5005	Pot à sucre « Calabre »	Manufacture royale de porcelaine de Vincennes, 1756-1757.	Dimensions :  haut. (s. c.): 0,050 m ; haut. (a. c.) : 0,073 m ; diam. : 0,061 m.
Inv. Steve. 5033	Pot à sucre « Calabre »	Manufacture royale de porcelaine de Sèvres, 1757-1758.	Dimensions : haut. : 0,028 m ; long. : 0,283 m ; larg ; : 0,230 m.
Inv. Steve 5038 Ancien inventaire : 2600 A	Pot à sucre « Bouret »	Manufacture royale de porcelaine de Sèvres, 1757-1758.	Dimensions : haut. (s. c.): 0,072 m ; haut. (a. c.): 0,102 m ; diam. : 0,088 m. 
Inv. Steve 1248	Plateau « Corbeille Triangle a Jours »	Manufacture royale de porcelaine de Sèvres, 1757-1758.	Dimensions : haut. : 0,043 m ; diam. : 0,214 m.
Inv. Steve 1259	Gobelet « Hébert »	Manufacture royale de porcelaine de Sèvres, 1757-1758.	Dimensions : haut. : 0,054 m ; diam. : 0,065 m ; prof. : 0,083 m.
Inv. Steve 1260	Soucoupe de gobelet « Bouillard »	Manufacture royale de porcelaine de Sèvres, 1757-1758.	Dimensions : haut. : 0,028 m ; diam. : 0,100 m.
Inv. Steve 1266	Pot à lait « à trois pieds »	Manufacture royale de porcelaine de Sèvres, 1757-1758.	Dimensions : haut. : 0,082 m ; long. : 0,087 m ; larg. : 0,068 m.
Inv. Steve 1251	Gobelet « Bouillard »	Manufacture royale de porcelaine de Sèvres, 1757-1758.	Dimensions : haut. : 0,060 m ; diam. : 0,070 m ; prof. : 0,092 m.
Inv. Steve 1250	Soucoupe	Manufacture royale de porcelaine de Sèvres, 1757-1758.	Dimensions : haut. : 0,030 m ; diam. : 0,130 m.
Inv. Steve 1268	Théière « Calabre »	Manufacture royale de porcelaine de Sèvres, 1757-1758.	Dimensions : haut. (a. c.) : 0,120 m ; haut. (s. c.) : 0,100 m ; long. : 0,157 m ; larg. : 0,092 m.
Inv. Steve 1254	Gobelet « Bouillard »	Manufacture royale de porcelaine de Sèvres, 1757-1758.	Dimensions : haut. : 0,060 m ; diam. : 0,070 m ; prof. : 0,092 m.
Inv. Steve 1253	Soucoupe	Manufacture royale de porcelaine de Sèvres, 1757-1758.	Dimensions : haut. : 0,030 m ; diam. : 0,130 m.
Inv. Steve : 4762 ancien inventaire : 2190 A	Pot à lait « Hébert »	Manufacture royale de porcelaine de Sèvres, 1757-1758.	Dimensions : haut. (a. c.) : 0,096 m ; haut. (s. c.) : 0,083 m ; long. : 0,100 m ; larg. : 0,075 m.
Inv. Steve 1262	Soucoupe de gobelet « Bouillard »	Manufacture royale de porcelaine de Sèvres, vers 1757-1758.	Dimensions : haut. : 0,012 m ; diam. : 0,074 m.
Inv. Steve : 4761 ancien inventaire : 2189 A	Pot à lait « Hébert »	Manufacture royale de porcelaine de Sèvres, 1757-1758.	Dimensions : haut. : 0,075 m ; long. : 0,075 m ; larg. : 0,060 m.
Inv. Steve 1261	Pot à sucre « Calabre »	Manufacture royale de porcelaine de Sèvres, vers 1757-1758.	Dimensions : haut. (a. c.) : 0,070 m ; haut. (s. c.) : 0,050 m ; diam. : 0,060 m.
Inv. Steve 1271	Gobelet « Hébert »	Manufacture royale de porcelaine de Sèvres, vers 1758.	Dimensions : haut. : 0,056 m ; diam. : 0,068 m ; prof. : 0,085 m.
Inv. Steve 1270	Soucoupe	Manufacture royale de porcelaine de Sèvres, vers 1758.	Dimensions : haut. : 0,025 m ; diam. : 0,120 m.
Inventaire : 1257 Inv. Steve 2041 B	Gobelet « couvert »	Manufacture royale de porcelaine de Sèvres, vers 1758.	Dimensions : haut. : 0,060 m ; diam. : 0,060 m ; prof. : 0,082 m.
Inventaire : 1258 Inv. Steve 2042 B	Soucoupe	Manufacture royale de porcelaine de Sèvres, vers 1758.	Dimensions : haut. : 0,029 m ; diam. : 0,122 m.
Inv. Steve 3455	Gobelet « litron »	Manufacture royale de porcelaine de Sèvres, 1758-1759.	Dimensions : haut. : 0,047 m ; long. : 0,067 m ; diam. : 0,049 m.
Inv. Steve 5374	Pot à lait « à trois pieds »	Manufacture royale de porcelaine de Sèvres, 1758-1759.	Dimensions : haut. : 0,092 m ; long. : 0,102 m ; larg. : 0,045 m.
Inv. Steve 5338	Pot à sucre « Bouret »	Manufacture royale de porcelaine de Sèvres, 1758-1759.	Dimensions : haut. (a. c.) : 0,095 m ; haut. (s. c.): 0,062 m ; diam. : 0,076 m.
Inv. Steve 5071	Pot à sucre « Bouret »	Manufacture royale de porcelaine de Sèvres, 1758-1759.	Dimensions : haut. (a. c.) : 0,069 m ; diam. : 0,060 m.
Inv. Steve 5021	Plateau « à tiroir »	Manufacture royale de porcelaine de Sèvres, vers 1758-1759.	Dimensions : plateau : haut. : 0,029 m; long. : 0,173 m ; larg. : 0,123 m.
Inv. Steve 5020	Gobelet « Bouillard »	Manufacture royale de porcelaine de Sèvres, vers 1758-1759 ?	Dimensions : haut. : 0,042 m ; diam ; : 0,056 m ; long ; : 0,072 m ;
Inv. Steve 5022	Soucoupe	Manufacture royale de porcelaine de Sèvres, vers 1758-1759 ?	Dimensions : haut ; : 0,024 m ; diam ; : 0 ,096 m.
Inv. Steve 5023	Pot à lait « Hébert »	Manufacture royale de porcelaine de Sèvres, 1758-1759.	Dimensions : haut. (s. c.): 0,075 m ; haut. (a. c.) : 0,100 m ; long. : 0,075 m ; larg. : 0,060 m.
Inv. Steve 5031	Pot à sucre « Calabre »	Manufacture royale de porcelaine de Sèvres, 1758-1759.	Dimensions : haut. (sans couvercle): 0,050 m ; haut. (avec couvercle) : 0,070 m ; diam. : 0,060 m.
Inv. Steve 3458	Gobelet « Bouillard »	Manufacture royale de porcelaine de Sèvres, 1759-1760.	Dimensions : haut. : 0,070 m ; diam. : 0,070 m ; long. : 0,092 m. 
Inv. Steve 3429	Soucoupe	Manufacture royale de porcelaine de Sèvres, 1762.	Dimensions : haut. : 0,033 m ; diam. : 0,135 m.
Inv. Steve 3452	Gobelet « Bouillard »	Manufacture royale de porcelaine de Sèvres, vers 1757-1761.	Dimensions : haut. : 0,060 m ; diam. : 0,070 m ; long. : 0,092 m. 
Inv. Steve 3451	Gobelet « Bouillard »	Manufacture royale de porcelaine de Sèvres, 1761.	Dimensions : haut. : 0,060 m ; diam. : 0,070 m ; long. : 0,092 m. 
Inv. Steve 3453	Gobelet « Bouillard »	Manufacture royale de porcelaine de Sèvres, vers 1757-1761.	Dimensions : haut. : 0,060 m ; diam. : 0,070 m ; long. : 0,092 m. 
Inv. Steve 3450	Gobelet « Bouillard »	Manufacture royale de porcelaine de Sèvres, 1759-1760.	Dimensions : haut. : 0,060 m ; diam. : 0,070 m ; long. : 0,092 m. 
Inv. Steve 3447	Soucoupe	Manufacture royale de porcelaine de Sèvres, 1761.	Dimensions : haut. : 0,032 m ; diam. : 0,132 m. 
Inv. Steve 3448	Soucoupe	Manufacture royale de porcelaine de Sèvres, 1761.	Dimensions : haut. : 0,032 m ; diam. : 0,132 m. 
Inv. Steve 3446	Soucoupe	Manufacture royale de porcelaine de Sèvres, vers 1757-1760.	Dimensions : haut. : 0,032 m ; diam. : 0,132 m. 
Inv. Steve 3449	Soucoupe	Manufacture royale de porcelaine de Sèvres, 1759-1760.	Dimensions : haut. : 0,032 m ; diam. : 0,132 m. 
Inv. Steve 3463	Gobelet « Chinois » ( ?)	Manufacture royale de porcelaine de Sèvres, 1759-1760.	Dimensions : haut. : 0,047 m ; diam. : 0,076 m. 
Inv. Steve 4856	Pot à lait « à trois pieds »	Manufacture royale de porcelaine de Sèvres, 1759-1760.	Dimensions : haut. : 0,102 m ; long. : 0,110 m ; larg. : 0,075 m.
Inv. Steve 5037	Pot à sucre « Calabre » 	Manufacture royale de porcelaine de Sèvres, 1759-1760.	Dimensions : haut. : 0,084 m ; diam. : 0,103 m. 
Inv. Steve 1953 Ancien inv. 2018 B	Plateau « losange »	Manufacture royale de porcelaine de Sèvres, 1759-1760.	Dimensions : haut. : 0,028 m ; long. : 0,320 m; larg. : 0,270 m.
Inv. Steve 5383	Théière « Calabre »	Manufacture royale de porcelaine de Sèvres, 1759.	Dimensions : haut. (a. c.) : 0,089 m ; haut. (s. c.) : 0,074 m ; long. : 0,122 m; larg. : 0,064 m.
Inv. Steve 1281	Gobelet « Hébert »	Manufacture royale de porcelaine de Sèvres, 1760.	Dimensions : haut. : 0,060 m ; diam. : 0,075 m ; prof. : 0,095 m.
Inv. Steve 1282	Soucoupe	Manufacture royale de porcelaine de Sèvres, 1760.	Dimensions : haut. : 0,028 m ; diam. : 0,133 m.
Inv. Steve 4743	Gobelet « Hébert »	Manufacture royale de porcelaine de Sèvres, 1760.	Dimensions : haut. : 0,056 m ; diam. : 0,068 m ; prof. : 0,085 m.
Inv. Steve 4742	Soucoupe	Manufacture royale de porcelaine de Sèvres, 1760.	Dimensions : haut. : 0,025 m ; diam. : 0,120 m.
Inv. Steve 4897	Gobelet « litron »	Manufacture royale de porcelaine de Sèvres, 1760.	Dimensions : haut. : 0,045 m ; diam. : 0,050 m ; long. : 0,067 m.
Inv. Steve 5009	Gobelet « Bouillard »	Manufacture royale de porcelaine de Sèvres, 1785.	Dimensions : haut. : 0,039 m ; diam. : 0,048 m ; long. : 0,062 m.
Inv. Steve 5008	Soucoupe	Manufacture royale de porcelaine de Sèvres, 1760.	Dimensions : haut. : 0,020 m ; diam. : 0,092 m.
Inv. Steve 4745	Gobelet « Bouillard »	Manufacture royale de porcelaine de Sèvres, 1760.	Dimensions : haut. : 0,060 m ; diam. : 0,070 m ; prof. : 0,095 m.
Inv. Steve 4774	Soucoupe	Manufacture royale de porcelaine de Sèvres, 1760.	Dimensions : haut. : 0,029 m ; diam. : 0,135 m.
Inv. Steve 4771	Gobelet « Bouillard »	Manufacture royale de porcelaine de Sèvres, 1760.	Dimensions : haut. : 0,060 m ; diam. : 0,070 m ; prof. : 0,095 m.
Inv. Steve 4772	Soucoupe	Manufacture royale de porcelaine de Sèvres, 1760.	Dimensions : haut. : 0,029 m ; diam. : 0,135 m.
Inv. Steve 1280	Gobelet « Bouillard »	Manufacture royale de porcelaine de Sèvres, vers 1760.	Dimensions : haut. : 0,060 m ; diam. : 0,070 m ; prof. : 0,095 m.
Inv. Steve 4776	Soucoupe	Manufacture royale de porcelaine de Sèvres, vers 1760.	Dimensions : haut. : 0,029 m ; diam. : 0,135 m.
Inv. Steve 3444	Gobelet « Calabre »	Manufacture royale de porcelaine de Sèvres, 1760.	Dimensions : haut. : 0,072 m ; diam. : 0,067 m ; long. : 0,088 m.
Inv. Steve 3425 	Soucoupe	Manufacture royale de porcelaine de Sèvres, 1760.	Dimensions : haut. : 0,029 m ; diam. : 0,135 m.
Inv. Steve 4899	Gobelet « Bouillard »	Manufacture royale de porcelaine de Sèvres, vers 1760.	Dimensions : haut. : 0,027 m ; diam. : 0,043 m ; prof. : 0,054 m.
Inv. Steve 4900	Soucoupe	Manufacture royale de porcelaine de Sèvres, vers 1760.	Dimensions : haut. : 0,015 m ; diam. : 0,071 m.
Inv. Steve 4773	Gobelet « couvert »	Manufacture royale de porcelaine de Sèvres, 1760.	Dimensions : haut. : 0,070 m ; diam. : 0,068 m ; prof. : 0,090 m.
Inv. Steve 4770	Plateau « du Roy »	Manufacture royale de porcelaine de Sèvres, 1760.	Dimensions : haut. : 0,020 m ; long. : 0,247 m; larg. : 0,174 m.
Inv. Steve 4750	Pot à sucre « Hébert »	Manufacture royale de porcelaine de Sèvres, 1760.	Dimensions : haut. (s. c.) : 0,055 m ; diam. : 0,66 m.
Inv. Steve 1286	Pot à lait « à trois pieds »	Manufacture royale de porcelaine de Sèvres, 1760 ?	Dimensions : haut. : 0,0 m ; long. : 0, m; larg. : 0, m.
Inv. Steve 1285	Plateau « triangle »	Manufacture royale de porcelaine de Sèvres, vers 1759.	Dimensions : haut. : 0,022 m ; diam. : 0,250 m.
Inv. Steve 4775	Gobelet « couvert »	Manufacture royale de porcelaine de Sèvres, vers 1760.	Dimensions : haut. : 0,060 m ; diam. : 0,058 m ; prof. : 0,080 m.
Inv. Steve 4744	Soucoupe	Manufacture royale de porcelaine de Sèvres, 1760.	Dimensions : haut. : 0,030 m ; diam. : 0,126 m.
Inv. Steve 3317	Pot à sucre « Calabre »	Manufacture royale de porcelaine de Sèvres, 1760. 	Dimensions : haut. : 0,100 m ; diam. : 0,089 m.
Inv. Steve 3465	Gobelet « couvert »	Manufacture royale de porcelaine de Sèvres, 1761.	Dimensions : haut. : 0,060 m ; long. : 0,081 m ; diam. : 0,060 m.
Inv. Steve 4766	Pot à lait « à trois pieds »	Manufacture royale de porcelaine de Sèvres, 1761.	Dimensions : haut. : 0,102 m ; long. : 0,110 m ; larg. : 0,075 m.
Inv. Steve 4884	Pot à sucre « Hébert »	Manufacture royale de porcelaine de Sèvres, 1761.	Dimensions : haut. (a. c.) : 0,088 m ; haut. (s. c.): 0,056 m ; diam. 0,068 m.
Inv. Steve 1288 Ancien inventaire : 2081 B	Pot à sucre « Calabre »	Manufacture royale de porcelaine de Sèvres, vers 1760.	Dimensions : haut. (a. c.) : 0,100 m ; haut. (s. c.): 0,069 m ; diam. 0,089 m.
Inv. Steve 5351	Pot à sucre « Calabre »	Manufacture royale de porcelaine de Sèvres, vers 1760.	Dimensions : haut. (a. c.) : 0,065 m ; haut. (s. c.): 0,045 m ; diam. 0,055 m.
Inv. Steve 5345	Plateau « Hébert »	Manufacture royale de porcelaine de Sèvres, 1761.	Dimensions : haut. : 0,030 m ; long. : 0,280 m; larg. : 0,226 m.
Inv. Steve 5311. 	Gobelet « Hébert »	Manufacture royale de porcelaine de Sèvres, 1761.	Dimensions : haut. : 0,077 m ; long. : 0,095 m; diam. : 0,077 m.
Inv. Steve 5312	Soucoupe de gobelet « Hébert »	Manufacture royale de porcelaine de Sèvres, 1761.	Dimensions : haut. : 0,030 m ; diam. : 0,030 m.
Inv. Steve 5297	Théière « Calabre »	Manufacture royale de porcelaine de Sèvres, 1761.	Dimensions : haut. (a. c.) : 0,120 m ; haut. (s. c.) : 0,102 m ; long. : 0,162 m ; larg. : 0,093 m.
Inv. Steve 5310. 	Pot à sucre « Hébert »	Manufacture royale de porcelaine de Sèvres, 1761.	Dimensions : haut. (a. c.) : 0,080 m ; haut. (s. c.) : 0,055 m; diam. : 0,072 m.
Inv. Steve 5306	Pot à lait « à trois pieds »	Manufacture royale de porcelaine de Sèvres, 1761.	Dimensions : haut. : 0,082 m ; long. : 0,084 m; larg. : 0,058 m.
Inv. Steve 4754	Pot à lait « à trois pieds »	Manufacture royale de porcelaine de Sèvres, 1761.	Dimensions : haut. : 0,094 m ; diam. : 0,078 m ; prof. : 0,110 m.
Inv. Steve 4755	Chocolatière	Manufacture royale de porcelaine de Sèvres, vers 1761.	Dimensions : haut. : 0,029 m ; diam. : 0,123 m.
Inv. Steve. 1275	Gobelet « litron »	Manufacture royale de porcelaine de Sèvres, 1763.	Dimensions : haut. : 0,075 m ; diam. : 0,072 m ; prof. : 0,100 m.
Inv. Steve 1276	Soucoupe	Manufacture royale de porcelaine de Sèvres, 1763.	Dimensions : haut. : 0,034 m ; diam. : 0,147 m.
Inv. Steve 4736	Gobelet « litron »	Manufacture royale de porcelaine de Sèvres, 1763.	Dimensions : haut. : 0,044 m ; diam. : 0,049 m ; prof. : 0,069 m.
Inv. Steve 4737	Soucoupe	Manufacture royale de porcelaine de Sèvres, 1763.	Dimensions : haut. : 0,023 m ; diam. : 0,107 m.
Inv. Steve 3412	Gobelet « litron »	Manufacture royale de porcelaine de Sèvres, 1763.	Dimensions : haut. : 0,047 m ; diam. : 0,051 m ; long. : 0,070 m ; 
Inv. Steve 3411	Soucoupe 	Manufacture royale de porcelaine de Sèvres, 1763 ?	Dimensions : haut. : 0,021 m ; diam. : 0,105 m.
Inv. Steve 5237	Gobelet « litron »	Manufacture royale de porcelaine de Sèvres, vers 1763.	Dimensions : haut. : 0,048 m ; diam. : 0,050 m ; prof. : 0,068 m.
Inv. Steve 5238	Soucoupe	Manufacture royale de porcelaine de Sèvres, vers 1763.	Dimensions : haut. : 0,022 m ; diam. : 0,105 m.
Inv. Steve 4843 	Gobelet « litron »	Manufacture royale de porcelaine de Sèvres, vers 1763.	Dimensions : haut. : 0,046 m ; diam. : 0,050 m ; long. : 0,068 m..
Inv. Steve 4861	Pot à lait « Hébert »	Manufacture royale de porcelaine de Sèvres, 1763.	Dimensions : haut. (a. c.) : 0,096 m ; haut. (s. c.): 0,083 m ; long. : 0,100 m ; larg. : 0,075 m. 
Inv. Steve 1269	Pot à lait	Manufacture royale de porcelaine de Sèvres, 1763.	Dimensions : haut. : 0,102 m ; long. : 0,110 m ; larg. : 0,075 m.
Inv. Steve 4760  	Pot à lait « à trois pieds »	Manufacture royale de porcelaine de Sèvres, vers 1763.	Dimensions : haut. : 0,080 m ; long. : 0,085 m ; larg. : 0,065 m.
Inv. Steve 4734	Pot à sucre « Calabre »	Manufacture royale de porcelaine de Sèvres, vers 1763.	Dimensions : haut. (a. c.) : 0,073 m ; haut. (s. c.): 0,050 m ; diam. 0,061 m.
Inv. Steve 4858	Pot à sucre « Calabre »	Manufacture royale de porcelaine de Sèvres, vers 1763.	Dimensions : haut. (a. c.) : 0,060 m ; haut. (s. c.): 0,042 m ; diam. : 0,060 m.
Inv. Steve 1283	Gobelet « Bouillard »	Manufacture royale de porcelaine de Sèvres, vers 1763.	Dimensions : haut. : 0,060 m ; diam. : 0,070 m ; prof. : 0,075 m.
Inv. Steve 1284	Soucoupe	Manufacture royale de porcelaine de Sèvres, vers 1763.	Dimensions : haut. : 0,029 m ; diam. : 0,123 m.
Inv. Steve 1287	Pot à sucre « Calabre »	Manufacture royale de porcelaine de Sèvres, vers 1763.	Dimensions : haut. (a. c.) : 0,110 m ; haut. (s. c.): 0,081 m ; diam. 0,098 m.
Inv. Steve 5181	Gobelet « litron »	Manufacture royale de porcelaine de Sèvres, vers 1764.	Dimensions : haut. : 0,044 m ; diam. : 0,049 m ; prof. : 0,069 m.
Inv. Steve 5182	Soucoupe	Manufacture royale de porcelaine de Sèvres, vers 1764.	Dimensions : haut. : 0,023 m ; diam. : 0,107 m.
Inv. Steve 5235	Gobelet « litron »	Manufacture royale de porcelaine de Sèvres, vers 1764.	Dimensions : haut. : 0,044 m ; diam. : 0,049 m ; prof. : 0,069 m.
Inv. Steve 3445	Gobelet « Bouillard »	Manufacture royale de porcelaine de Sèvres, 1764.	Dimensions : haut. : 0,052 m ; diam. : 0,060 m ; long. : 0,079 m.
Inv. Steve 3427	Soucoupe	Manufacture royale de porcelaine de Sèvres, 1764.	Dimensions : haut. : 0,028 m. ; diam. : 0,121 m.
Inv. Steve 5014	Pot à lait « à trois pieds »	Manufacture royale de porcelaine de Sèvres, 1764.	Dimensions : haut. : 0,094 m ; long. : 0,107 m ; larg. : 0,077 m. 
Inv. Steve 4784	Pot à sucre « Calabre »	Manufacture royale de porcelaine de Sèvres, vers 1764.	Dimensions : haut. (a. c.) : 0,060 m ; haut. (s. c.): 0,042 m ; diam. : 0,060 m.
Inv. Steve 5199	Gobelet « litron »	Manufacture royale de porcelaine de Sèvres, 1765.	Dimensions : haut. : 0,044 m ; diam. : 0,049 m ; prof. : 0,069 m.
Inv. Steve 5200	Soucoupe	Manufacture royale de porcelaine de Sèvres, 1765.	Dimensions : haut. : 0,023 m ; diam. : 0,107 m.
Inv. Steve 4871	Gobelet « litron »	Manufacture royale de porcelaine de Sèvres, 1765.	Dimensions : haut. : 0,045 m ; diam. : 0,050 m ; long. : 0,067 m.
Inv. Steve 1932	Gobelet « litron »	Manufacture royale de porcelaine de Sèvres, vers 1765.	Dimensions : haut. : 0,046 m ; diam. : 0,050 m ; prof. : 0,068 m.
Inv. Steve 1933	Soucoupe	Manufacture royale de porcelaine de Sèvres, vers 1765.	Dimensions : haut. : 0,023 m ; diam. : 0,112 m.
Inv. Steve 1272.- 1271 Pour le gobelet litron	Soucoupe de gobelet « litron »	Manufacture royale de porcelaine de Sèvres, vers 1765.	Dimensions : haut. : 0,025 m ; diam. : 0,105 m.
Inv. Steve 1263	Gobelet « couvert »	Manufacture royale de porcelaine de Sèvres, vers 1765.	Dimensions : haut. : 0,060 m ; diam. : 0,060 m ; prof. : 0,082 m.
Inv. Steve 1264	Soucoupe	Manufacture royale de porcelaine de Sèvres, vers 1765.	Dimensions : haut. : 0,029 m ; diam. : 0,122 m.
Inv. Steve 4875	Pot à sucre « Bouret »	Manufacture royale de porcelaine de Sèvres, 1765.	Dimensions : haut. (a. c.) : 0,063 m ; haut. (s. c.): 0,043 m ; diam. : 0,056 m.
Inv. Steve 4848	Théière « Calabre »	Manufacture royale de porcelaine de Sèvres, 1765.	Dimensions : haut. (a. c.) : 0,120 m ; haut. (s. c.): 0,100 m ; long. : 0,157 m ; larg. : 0,092 m.
Inv. Steve 4931	Plateau « Hébert »	Manufacture royale de porcelaine de Sèvres, vers 1765.	Dimensions : haut. : 0,030 m ; long. : 0,280 m; larg. : 0,226 m.
Inv. Steve 5352	Pot à lait « à trois pieds »	Manufacture royale de porcelaine de Sèvres, 1765.	Dimensions : haut. : 0,08 m ; long. : 0, m; larg. : 0, m.
Inv. Steve 4977	Pot à sucre « hébert »	Manufacture royale de porcelaine de Sèvres, 1765.	Dimensions : haut. : 0,08 m ; long. : 0, m; larg. : 0, m.
Inv. Steve 4976	Théière « Calabre »	Manufacture royale de porcelaine de Sèvres, 1765.	Dimensions : haut. : 0,11 m ; long. : 0,14 m; prof. : 0,8 m.
Inv. Steve 3436	Gobelet « litron »	Manufacture royale de porcelaine de Sèvres, 1766.	Dimensions : haut. : 0,067 m ; long. : 0,092 m ; diam. : 0,069 m.
Inv. Steve 5346	Plateau « Duplessis »	Manufacture royale de porcelaine de Sèvres, 1766.	Dimensions : haut. : 0,044 m ; long. : 0,356 m; larg. : 0,265 m.
Inv. Steve 5308	Pot à lait « à trois pieds »	Manufacture royale de porcelaine de Sèvres, 1766.	Dimensions : haut. : 0,096 m ; long. : 0,107 m; larg. : 0,070 m.
Inv. Steve 5052	Plateau « triangle »	Manufacture royale de porcelaine de Sèvres, 1766.	Dimensions : haut. : 0,027 m ; long. : 0,220 m.
Inv. Steve 3461	Gobelet « Bouillard » 	Manufacture royale de porcelaine de Sèvres, 1772.	Dimensions : haut. : 0,060 m ; long. : 0,093 m ; diam. : 0,069 m.
Inv. Steve 3466	Gobelet « Bouillard » 	Manufacture royale de porcelaine de Sèvres, 1772 ?	Dimensions : haut. : 0,060 m ; long. : 0,090 m ; diam. : 0,070 m.
Inv. Steve 5047	Soucoupe	Manufacture royale de porcelaine de Sèvres, 1767.	Dimensions : haut. : 0,034 m ; diam. : 0,136 m. 
Inv. Steve 5048	Soucoupe	Manufacture royale de porcelaine de Sèvres, 1766 ?	Dimensions : haut. : 0,034 m ; diam. : 0,135 m. 
Inv. Steve 5046	Soucoupe	Manufacture royale de porcelaine de Sèvres, vers 1766.	Dimensions : haut. : 0,032 m ; diam. : 0,135 m. 
Inv. Steve 5016	Pot à lait « à trois pieds »	Manufacture royale de porcelaine de Sèvres, 1772.	Dimensions : haut. : 0,100 m ; long. : 0,106 m ; larg. : 0,074 m.
Inv. Steve 5035	Pot à sucre « Calabre » 	Manufacture royale de porcelaine de Sèvres, 1772.	Dimensions : haut. (a. c.): 0,100 m ; haut. (s. c.) : 0,070 m ; diam. : 0,089 m. 
Inv. Steve 3443	Gobelet « litron »	Manufacture royale de porcelaine de Sèvres, vers 1767-1773.	Dimensions : haut. : 0,059 m ; diam. : 0,056 m ; long. : 0,080 m. 
Inv. Steve 3440	Gobelet « litron »	Manufacture royale de porcelaine de Sèvres, vers 1767-1773.	Dimensions : haut. : 0,059 m ; diam. : 0,056 m ; long. : 0,080 m.
Inv. Steve 3439	Gobelet « litron »	Manufacture royale de porcelaine de Sèvres, 1768.	Dimensions : haut. : 0,059 m ; diam. : 0,056 m ; long. : 0,080 m. 
Inv. Steve 3442	Gobelet « litron »	Manufacture royale de porcelaine de Sèvres, 1768.	Dimensions : haut. : 0,059 m ; diam. : 0,056 m ; long. : 0,080 m.
Inv. Steve 3441	Gobelet « litron »	Manufacture royale de porcelaine de Sèvres, 1772.	Dimensions : haut. : 0,058 m ; diam. : 0,057 m ; long. : 0,080 m. 
Inv. Steve 5042	Soucoupe	Manufacture royale de porcelaine de Sèvres, 1767.	Dimensions : haut. : 0,031 m ; diam. : 0,124 m. 
Inv. Steve 5044	Soucoupe	Manufacture royale de porcelaine de Sèvres, 1767-1773.	Dimensions : haut. : 0,031 m ; diam. : 0,124 m. 
Inv. Steve 5041	Soucoupe	Manufacture royale de porcelaine de Sèvres, 1768.	Dimensions : haut. : 0,031 m ; diam. : 0,124 m. 
Inv. Steve 5040	Soucoupe	Manufacture royale de porcelaine de Sèvres, 1768 ?	Dimensions : haut. : 0,031 m ; diam. : 0,124 m. 
Inv. Steve 5045	Soucoupe	Manufacture royale de porcelaine de Sèvres, 1773.	Dimensions : haut. : 0,030 m ; diam. : 0,120 m. 
Inv. Steve 5043	Soucoupe	Manufacture royale de porcelaine de Sèvres, 1773.	Dimensions : haut. : 0,031 m ; diam. : 0,124 m. 
Inv. Steve 5018	Théière « Calabre »	Manufacture royale de porcelaine de Sèvres, vers 1770 ?	Dimensions : haut. (s. c.): 0,100 m ; haut. (a. c.) : 0,122 m ; long. : 0,162 m ; larg. : 0,090 m.
Inv. Steve 5120	Pot à lait « à trois pieds »	Manufacture royale de porcelaine de Sèvres, vers 1767.	Dimensions : haut. : 0,080 m ; long. : 0,085 m ; larg. : 0,065 m.
Inv. Steve 4860	Théière « Calabre »	Manufacture royale de porcelaine de Sèvres, 1767.	Dimensions : haut. (a. c.) : 0,135 m ; haut. (s. c.): 0,115 m ; long. : 0,175 m ; larg. : 0,110 m.
Inv. Steve 4930	Plateau « du Roy »	Manufacture royale de porcelaine de Sèvres, 1767.	Dimensions : haut. : 0,020 m ; long. : 0,245 m; larg. : 0,175 m.
Inv. Steve 5189	Gobelet « litron »	Manufacture royale de porcelaine de Sèvres, 1768.	Dimensions : haut. : 0,059 m ; diam. : 0,055 m ; prof. : 0,073 m.
Inv. Steve 5190	Soucoupe	Manufacture royale de porcelaine de Sèvres, vers 1768.	Dimensions : haut. : 0,030 m ; diam. : 0,120 m.
Inv. Steve 5124	Gobelet « litron »	Manufacture royale de porcelaine de Sèvres, 1768.	Dimensions : haut. : 0,046 m ; diam. : 0,050 m ; prof. : 0,070 m.
Inv. Steve 5121	Soucoupe	Manufacture royale de porcelaine de Sèvres, 1768.	Dimensions : haut. : 0,025 m ; diam. : 0,107 m.
Inv. Steve 5123	Gobelet « litron »	Manufacture royale de porcelaine de Sèvres, vers 1768.	Dimensions : haut. : 0,046 m ; diam. : 0,050 m ; prof. : 0,070 m.
Inv. Steve 5122	Soucoupe	Manufacture royale de porcelaine de Sèvres, vers 1768.	Dimensions : haut. : 0,025 m ; diam. : 0,107 m.
Inv. Steve 1938	Gobelet « litron »	Manufacture royale de porcelaine de Sèvres, 1768.	Dimensions : haut. : 0,047 m ; diam. : 0,049 m ; prof. : 0,067 m.
Inv. Steve 1939	Soucoupe	Manufacture royale de porcelaine de Sèvres, 1768.	Dimensions : haut. : 0,023 m ; diam. : 0,108 m.
Inv. Steve 5201	Gobelet « litron »	Manufacture royale de porcelaine de Sèvres, vers 1768.	Dimensions : haut. : 0,044 m ; diam. : 0,049 m ; long. : 0,069 m.
Inv. Steve 5228	Gobelet « Bouillard »	Manufacture royale de porcelaine de Sèvres, vers 1768.	Dimensions : haut. : 0,045 m ; diam. : 0,056 m ; prof. : 0,070 m.
Inv. Steve 5231	Soucoupe	Manufacture royale de porcelaine de Sèvres, 1760.	Dimensions : haut. : 0,023 m ; diam. : 0,095 m.
Inv. Steve 5229	Gobelet « Bouillard »	Manufacture royale de porcelaine de Sèvres, vers 1768.	Dimensions : haut. : 0,045 m ; diam. : 0,056 m ; prof. : 0,070 m.
Inv. Steve 5232	Soucoupe	Manufacture royale de porcelaine de Sèvres, vers 1768.	Dimensions : haut. : 0,023 m ; diam. : 0,095 m.
Inv. Steve 4769	Gobelet « Bouillard »	Manufacture royale de porcelaine de Sèvres, 1768.	Dimensions : haut. : 0,060 m ; diam. : 0,070 m ; prof. : 0,090 m.
Inv. Steve 4777	Pot à lait « à trois pieds »	Manufacture royale de porcelaine de Sèvres, 1768.	Dimensions : haut. : 0,094 m ; long. : 0,108 m ; larg. : 0,075 m.
Inv. Steve 4895	Pot à lait « à trois pieds »	Manufacture royale de porcelaine de Sèvres, vers 1768.	Dimensions : haut. : 0,102 m ; long. : 0,110 m ; larg. : 0,075 m.
Inv. Steve 5230	Gobelet « litron »	Manufacture royale de porcelaine de Sèvres, 1769.	Dimensions : haut. : 0,045 m ; diam. : 0,050 m ; prof. : 0,070 m.
Inv. Steve 5233	Soucoupe	Manufacture royale de porcelaine de Sèvres, 1769.	Dimensions : haut. : 0,023 m ; diam. : 0,111 m.
Inv. Steve 4907	Gobelet « litron »	Manufacture royale de porcelaine de Sèvres, 1769.	Dimensions : haut. : 0,045 m ; diam. : 0,050 m ; prof. : 0,067 m.
Inv. Steve 4908	Soucoupe	Manufacture royale de porcelaine de Sèvres, 1769.	Dimensions : haut. : 0,024 m ; diam. : 0,110 m.
Inv. Steve 5234	Gobelet « litron »	Manufacture royale de porcelaine de Sèvres, 1769.	Dimensions : haut. : 0,044 m ; diam. : 0,050 m ; prof. : 0,070 m.
Inv. Steve 3573	Soucoupe	Manufacture royale de porcelaine de Sèvres, 1769.	Dimensions : haut. : 0,023 m ; diam. : 0,107 m.
Inv. Steve 4909	Soucoupe	Manufacture royale de porcelaine de Sèvres, vers 1769.	Dimensions : haut. : 0,024 m ; diam. : 0,109 m.
Inv. Steve 5226	Pot à sucre « Hébert »	Manufacture royale de porcelaine de Sèvres, 1769.	Dimensions : haut. (s. c.): 0,056 m ; larg. : 0,075 m ; diam. 0,068 m.
Inv. Steve 5108 (ce numéro d’inventaire a été attribué à deux gobelets différents)	Gobelet « litron »	Manufacture royale de porcelaine de Sèvres, 1769.	Dimensions : haut: 0,050 m ; diam. : 0,050 m ; larg. : 0,069 m.
Inv. Steve 3579	Gobelet « litron »	Manufacture royale de porcelaine de Sèvres, 1769.	Dimensions : haut: 0,050 m ; diam. : 0,050 m ; larg. : 0,069 m.
Inv. Steve 5108 (ce numéro d’inventaire a été attribué à deux gobelets différents)	Gobelet « litron »	Manufacture royale de porcelaine de Sèvres, 1770.	Dimensions : haut: 0,060 m ; diam. : 0,057 m ; larg. : 0,080 m.
Inv. Steve 5097(ce numéro d’inventaire a été attribué à deux gobelets différents)	Gobelet « litron »	Manufacture royale de porcelaine de Sèvres, 1770.	Dimensions : haut: 0,059 m ; diam. : 0,057 m ; larg. : 0,080 m.
Inv. Steve 5099	Gobelet « litron »	Manufacture royale de porcelaine de Sèvres, 1770.	Dimensions : haut: 0,059 m ; diam. : 0,055 m ; larg. : 0,079 m.
Inv. Steve 5098	Gobelet « litron »	Manufacture royale de porcelaine de Sèvres, 1770.	Dimensions : haut: 0,060 m ; diam. : 0,056 m ; larg. : 0,080 m.
Inv. Steve 5097 (ce numéro d’inventaire a été attribué à deux gobelets différents)	Gobelet « litron »	Manufacture royale de porcelaine de Sèvres, 1770.	Dimensions : haut: 0,055 m ; diam. : 0,055 m ; larg. : 0,076 m.
Inv. Steve 5090 (ce numéro d’inventaire a été attribué à deux soucoupes différentes)	Soucoupe	Manufacture royale de porcelaine de Sèvres, 1769.	Dimensions : haut: 0,030 m ; diam. : 0,120 m.
Inv. Steve 5090 (ce numéro d’inventaire a été attribué à deux soucoupes différentes)	Soucoupe	Manufacture royale de porcelaine de Sèvres, 1770.	Dimensions : haut: 0,030 m ; diam. : 0,120 m.
Inv. Steve 5089	Soucoupe	Manufacture royale de porcelaine de Sèvres, 1770.	Dimensions : haut: 0,030 m ; diam. : 0,121 m.
Inv. Steve 5086	Soucoupe	Manufacture royale de porcelaine de Sèvres, 1770.	Dimensions : haut: 0,028 m ; diam. : 0,121 m.
Inv. Steve 5087	Soucoupe	Manufacture royale de porcelaine de Sèvres, 1770.	Dimensions : haut: 0,030 m ; diam. : 0,120 m.
Inv. Steve 3577	Soucoupe	Manufacture royale de porcelaine de Sèvres, 1770.	Dimensions : haut: 0,030 m ; diam. : 0,120 m.
Inv. Steve 5088	Soucoupe	Manufacture royale de porcelaine de Sèvres, 1770.	Dimensions : haut: 0,030 m ; diam. : 0,120 m.
Inv. Steve 5087	Soucoupe	Manufacture royale de porcelaine de Sèvres, 1770.	Dimensions : haut: 0,030 m ; diam. : 0,120 m.
Inv. Steve 5089	Soucoupe	Manufacture royale de porcelaine de Sèvres, 1770.	Dimensions : haut: 0,030 m ; diam. : 0,120 m.
Inv. Steve 3578	Soucoupe	Manufacture royale de porcelaine de Sèvres, 1770.	Dimensions : haut: 0,030 m ; diam. : 0,120 m.
Inv. Steve 5088	Soucoupe	Manufacture royale de porcelaine de Sèvres, 1771.	Dimensions : haut: 0,030 m ; diam. : 0,120 m.
Inv. Steve 5110	Pot à lait « à trois pieds »	Manufacture royale de porcelaine de Sèvres, 1770.	Dimensions : haut. : 0,096 m ; long. : 0,110 m ; larg. : 0,074 m.
Inv. Steve 5111	Pot à sucre « Bouret »	Manufacture royale de porcelaine de Sèvres, 1770.	Dimensions : haut. (a. c.) : 0,098 m ; haut. (s. c.) : 0,068 m ; diam. : 0,087 m.
Inv. Steve 5109	Théière « Calabre »	Manufacture royale de porcelaine de Sèvres, 1770.	Dimensions : haut. (a. c.) : 0,115 m ; haut. (s. c.) : 0,100 m ; long. : 0,160 m ; larg. : 0,090 m.
Inv. Steve 3437	Gobelet « litron »	Manufacture royale de porcelaine de Sèvres, 1772.	Dimensions : haut. : 0,068 m ; long. : 0,089 m ; diam. : 0,066 m
Inv. Steve 3438	Gobelet « litron »	Manufacture royale de porcelaine de Sèvres, 1772.	Dimensions : haut. : 0,068 m ; long. : 0,088 m ; diam. : 0,067 m
Inv. Steve 4993	Soucoupe	Manufacture royale de porcelaine de Sèvres, 1770.	Dimensions : haut. : 0,036 m ; diam. : 0,140 m
Inv. Steve 4992	Soucoupe	Manufacture royale de porcelaine de Sèvres, 1772.	Dimensions : haut. : 0,036 m ; diam. : 0,138 m
Inv. Steve 5204	Gobelet « litron »	Manufacture royale de porcelaine de Vincennes, vers 1770.	Dimensions : haut. : 0,044 m ; diam. : 0,049 m ; long. : 0,069 m..
Inv. Steve 5192	Gobelet « Bouillard »	Manufacture royale de porcelaine de Sèvres, 1770.	Dimensions : haut. : 0,039 m ; diam. : 0,048 m ; prof. : 0,062 m.
Inv. Steve 5191	Soucoupe	Manufacture royale de porcelaine de Sèvres, 1770.	Dimensions : haut. : 0,020 m ; diam. : 0,092 m.
Inv. Steve 5179	Gobelet « Bouillard »	Manufacture royale de porcelaine de Sèvres, vers 1770.	Dimensions : haut. : 0,039 m ; diam. : 0,048 m ; prof. : 0,062 m.
Inv. Steve 5180	Soucoupe	Manufacture royale de porcelaine de Sèvres, vers 1770.	Dimensions : haut. : 0,020 m ; diam. : 0,092 m.
Inv. Steve 4782	Pot à sucre « Calabre »	Manufacture royale de porcelaine de Sèvres, 1770.	Dimensions : haut. (a. c.) : 0,112 m ; haut. (s. c.): 0,078 m ; diam. : 0,095 m.
Inv. Steve 1304	Pot à sucre « Bouret »	Manufacture royale de porcelaine de Sèvres, 1770.	Dimensions : haut. (a. c.) : 0,098 m ; haut. (s. c.): 0,062 m ; diam. 0,080 m.
Inv. Steve 4783	Plateau « triangle »	Manufacture royale de porcelaine de Sèvres, 1770.	Dimensions : haut. : 0,030 m ; diam. : 0,200 m.
Inv. Steve 4978	Gobelet « Hébert »	Manufacture royale de porcelaine de Sèvres, 1770.	Dimensions : haut. : 0,053 m ; diam. : 0,065 m ; prof. 0,081.
Inv. Steve 4979	Soucoupe	Manufacture royale de porcelaine de Sèvres, 1770.	Dimensions : haut. : 0,025 m ; diam. : 0,121 m.
Inv. Steve 5307	Pot à lait « à trois pieds »	Manufacture royale de porcelaine de Sèvres, 1770.	Dimensions : haut. : 0,082 m ; long. : 0,083 m ; larg. : 0,058 m.
Inv. Steve 4783	Pot à sucre « Calabre »	Manufacture royale de porcelaine de Sèvres, 1770.	Dimensions : haut. (a. c.) : 0,079 m ; haut. (s. c.) : 0,060 m ; diam. : 0,070 m.
Inv. Steve 1944 	Plateau « losange »	Manufacture royale de porcelaine de Sèvres, 1770.	Dimensions : haut. : 0,034 m ; long. : 0,301 m ; larg. : 0,250 m.
Inv. Steve 1945	Gobelet « Bouillard »	Manufacture royale de porcelaine de Sèvres, 1770.	Dimensions : haut. : 0,060 m ; diam. : 0,060 m ; prof. : 0,080 m.
Inv. Steve 5137	Pot à lait « à trois pieds »	Manufacture royale de porcelaine de Sèvres, 1770.	Dimensions : haut. : 0,080 m ; long. : 0,080 m ; larg. : 0,065 m.
Inv. Steve 1298	Plateau « lozange à jour »	Manufacture royale de porcelaine de Sèvres, 1770.	Dimensions : haut. : 0,040 m ; long. : 0,338 ; larg. : 0,269 m.
Inv. Steve 1299	Gobelet « Bouillard »	Manufacture royale de porcelaine de Sèvres, 1771.	Dimensions : haut. : 0,058 m ; diam. : 0,070 m ; larg. : 0,910 m.
Inv. Steve 1302	Gobelet « Bouillard »	Manufacture royale de porcelaine de Sèvres, 1771.	Dimensions : haut. : 0,058 m ; diam. : 0,070 m ; larg. : 0,910 m.
Inv. Steve 1300	Soucoupe	Manufacture royale de porcelaine de Sèvres, 1771.	Dimensions : haut. : 0,029 m ; diam. : 0,134 m.
Inv. Steve 1301	Soucoupe	Manufacture royale de porcelaine de Sèvres, 1771.	Dimensions : haut. : 0,029 m ; diam. : 0,134 m.
Inv. Steve 1305	Pot à lait « à trois pieds »	Manufacture royale de porcelaine de Sèvres, 1771.	Dimensions : haut. : 0,098 m ; larg. : 0,072 m ; larg. : 0,105 m.
Inv. Steve 1303	Pot à sucre « Bouret »	Manufacture royale de porcelaine de Sèvres, 1771.	Dimensions : haut. : 0,097 m ; diam. : 0,080 m.
Inv. Steve 5195	Gobelet « litron »	Manufacture royale de porcelaine de Sèvres, 1771.	Dimensions : haut. : 0,044 m ; diam. : 0,050 m ; prof. : 0,069 m.
Inv. Steve 5196	Soucoupe	Manufacture royale de porcelaine de Sèvres, 1771.	Dimensions : haut. : 0,023 m ; diam. : 0,111 m.
Inv. Steve 5186	Gobelet « litron »	Manufacture royale de porcelaine de Sèvres, 1771.	Dimensions : haut. : 0,045 m ; diam. : 0,051 m ; long. : 0,070 m.
Inv. Steve 3459	Gobelet « Bouillard »	Manufacture royale de porcelaine de Sèvres, 1771.	Dimensions : haut. : 0,072 m ; diam. : 0,072 m ; long. : 0,092 m. 
Inv. Steve 3428	Soucoupe	Manufacture royale de porcelaine de Sèvres, 1771.	Dimensions : haut. : 0,033 m ; diam. : 0,135 m.
Inv. Steve 3581	Pot à lait « à trois pieds »	Manufacture royale de porcelaine de Sèvres, 1771.	Dimensions : haut. : 0,102 m ; long. : 0,110 m ; larg. : 0,058 m.
Inv. Steve 4999	Plateau « Hébert »	Manufacture royale de porcelaine de Sèvres, 1771.	Dimensions : haut. : 0,028 m ; long. : 0,283 m ; larg  : 0,230 m.
Inv. Steve 4887	Gobelet « litron »	Manufacture royale de porcelaine de Sèvres, 1772.	Dimensions : haut. : 0,066 m ; diam. : 0,067 m ; prof. : 0,091 m.
Inv. Steve 4888	Soucoupe	Manufacture royale de porcelaine de Sèvres, 1772.	Dimensions : haut. : 0,035 m ; diam. : 0,134 m.
Inv. Steve 5185	Gobelet « litron »	Manufacture royale de porcelaine de Sèvres, 1772.	Dimensions : haut. : 0,047 m ; diam. : 0,051 m ; long. : 0,070 m.
Inv. Steve 5119	Gobelet « litron »	Manufacture royale de porcelaine de Sèvres, vers 1772.	Dimensions : haut. : 0,044 m ; diam. : 0,049 m ; prof. : 0,069 m.
Inv. Steve 5118	Soucoupe	Manufacture royale de porcelaine de Sèvres, vers 1772.	Dimensions : haut. : 0,023 m ; diam. : 0,107 m.
Inv. Steve 5240	Soucoupe de gobelet « litron »	Manufacture royale de porcelaine de Sèvres, vers 1773.	Dimensions : haut. : 0,024 m ; diam. : 0,105 m.
Inv. Steve 1307	Gobelet « Bouillard »	Manufacture royale de porcelaine de Sèvres, 1773.	Dimensions : haut. : 0,026 m ; diam. : 0,048 m ; prof. : 0,062 m.
Inv. Steve 1306	Soucoupe	Manufacture royale de porcelaine de Sèvres, 1773.	Dimensions : haut. : 0,019 m ; diam. : 0,074 m.
Inv. Steve 3413	Pot à sucre « Calabre » 	Manufacture royale de porcelaine de Sèvres, 1773.	Dimensions : haut. : 0,088 m ; diam. : 0,088 m. 
Inv. Steve 5015	Pot à lait « à trois pieds »	Manufacture royale de porcelaine de Sèvres, 1773.	Dimensions : haut. : 0,098 m ; long. : 0,109 m ; larg. : 0,075 m. 
Inv. Steve 5119	Plateau « Hébert »	Manufacture royale de porcelaine de Sèvres, vers 1773.	Dimensions : haut. (max.): 0,032 m ; haut. (min.) : 0,056 m ; long. : 0,305 m; larg. : 0,230 m.
Inv. Steve 5181	Gobelet « litron »	Manufacture royale de porcelaine de Sèvres, 1774.	Dimensions : haut. : 0,044 m ; diam. : 0,049 m ; prof. : 0,069 m.
Inv. Steve 5182	Soucoupe	Manufacture royale de porcelaine de Sèvres, 1774.	Dimensions : haut. : 0,023 m ; diam. : 0,107 m.
Inv. Steve 3435	Gobelet « litron »	Manufacture royale de porcelaine de Sèvres, 1774.	Dimensions : haut. : 0,059 m ; diam. : 0,056 m ; long. : 0,080 m. 
Inv. Steve 3421	Soucoupe	Manufacture royale de porcelaine de Sèvres, 1774.	Dimensions : haut. : 0,031 m ; diam. : 0,124 m. 
Inv. Steve 5216	Pot à sucre « Hébert »	Manufacture royale de porcelaine de Sèvres, vers 1774.	Dimensions : haut. (a. c.) : 0,088 m ; haut. (s. c.): 0,056 m ; diam. 0,068 m.
Inv. Steve 1936	Gobelet « litron »	Manufacture royale de porcelaine de Sèvres, 1775.	Dimensions : haut. : 0,044 m ; diam. : 0,049 m ; prof. : 0,069 m.
Inv. Steve 1937	Soucoupe	Manufacture royale de porcelaine de Sèvres, 1775.	Dimensions : haut. : 0,023 m ; diam. : 0,107 m.
Inv. Steve 5116	Gobelet « litron »	Manufacture royale de porcelaine de Sèvres, vers 1775.	Dimensions : haut. : 0,060 m ; diam. : 0,055 m ; long. : 0,078 m.
Inv. Steve 1935	Gobelet « litron »	Manufacture royale de porcelaine de Sèvres, 1777.	Dimensions : haut. : 0,044 m ; diam. : 0,049 m ; prof. : 0,069 m.
Inv. Steve 1934	Soucoupe	Manufacture royale de porcelaine de Sèvres, 1777.	Dimensions : haut. : 0,023 m ; diam. : 0,107 m.
Inv. Steve 1967	Plateau « Hébert »	Manufacture royale de porcelaine de Sèvres, 1777.	Dimensions : haut. : 0,034 m ; long. : 0,284 m ; larg. : 0,229 m.
Inv. Steve 5366	Pot à sucre « Bouret »	Manufacture royale de porcelaine de Sèvres, 1777.	Dimensions : haut. (a. c.) : 0,093 m ; haut. (s. c.) : 0,061 m ; diam. : 0,077 m.
Inv. Steve 1273	Gobelet « litron »	Manufacture royale de porcelaine de Sèvres, 1778.	Dimensions : haut. : 0,045 m ; diam. : 0,049 m ; long. : 0,070 m.
Inv. Steve 5241	Soucoupe	Manufacture royale de porcelaine de Sèvres, 1778.	Dimensions : haut. : 0,030 m ; diam. : 0,125 m.
Inv. Steve 4870	Gobelet « litron »	Manufacture royale de porcelaine de Sèvres, 1779.	Dimensions : haut. : 0,045 m ; diam. : 0,050 m ; long. : 0,060 m.
Inv. Steve 4863	Gobelet « litron »	Manufacture royale de porcelaine de Sèvres, vers 1780-1785.	Dimensions : haut. : 0,068 m ; diam. : 0,065 m ; prof. : 0,087 m.
Inv. Steve 4864	Soucoupe	Manufacture royale de porcelaine de Sèvres, vers 1780-1785.	Dimensions : haut. : 0,035 m ; diam. : 0,138 m.
Inv. Steve 5193	Gobelet « litron »	Manufacture royale de porcelaine de Sèvres, vers 1780.	Dimensions : haut. : 0,059 m ; diam. : 0,055 m ; prof. : 0,073 m.
Inv. Steve 5194	Soucoupe	Manufacture royale de porcelaine de Sèvres, vers 1780.	Dimensions : haut. : 0,030 m ; diam. : 0,120 m.
Inv. Steve 5155	Pot à lait « à trois pieds »	Manufacture royale de porcelaine de Sèvres, vers 1780.	Dimensions : haut. : 0,078 m ; long. : 0,084 m ; larg. : 0,065 m.
Inv. Steve 5154	Pot à lait « à trois pieds »	Manufacture royale de porcelaine de Sèvres, vers 1780.	Dimensions : haut. : 0,078 m ; long. : 0,084 m ; larg. : 0,065 m.
Inv. Steve 4844	Pot à sucre « Calabre »	Manufacture royale de porcelaine de Sèvres, 1780.	Dimensions : haut. (s. c.): 0,082 m ; diam. 0,098 m.
Inv. Steve 5215	Pot à sucre « Bouret »	Manufacture royale de porcelaine de Sèvres, vers 1780.	Dimensions : haut. (a. c.) : 0,098 m ; haut. (s. c.): 0,062 m ; diam. 0,080 m.
Inv. Steve 5152	Plateau « hébert »	Manufacture royale de porcelaine de Sèvres, 1780.	Dimensions : haut. : 0,035 m ; long. : 0,300 m; larg. : 0,250 m.
Inv. Steve 5159	Gobelet « litron »	Manufacture royale de porcelaine de Sèvres, 1780.	Dimensions : haut. : 0,045 m ; diam. : 0,051 m; prof. : 0,070 m.
Inv. Steve 5156	Théière « Calabre »	Manufacture royale de porcelaine de Sèvres, 1780.	Dimensions : haut. (a. c.) : 0,085 m ; haut. (s. c.) : 0,072 m ; long. : 0,123 m; larg. : 0,070 m.
Inv. Steve 5380	Théière « Calabre »	Manufacture royale de porcelaine de Sèvres, vers 1780.	Dimensions : haut. (a. c.) : 0,116 m ; long. : 0,150 m ; larg. : 0,090 m.
Inv. Steve 5378	Théière « Calabre »	Manufacture royale de porcelaine de Sèvres, vers 1780.	Dimensions : haut. (a. c.) : 0,116 m ; long. : 0,150 m ; larg. : 0,090 m.
Inv. Steve 4851	Gobelet « litron » 	Manufacture royale de porcelaine de Sèvres, 1781.	Dimensions : haut. : 0,018 m ; diam. : 0,77 m.
Inv. Steve 4850	Soucoupe	Manufacture royale de porcelaine de Sèvres, 1781.	Dimensions : haut. : 0,018 m ; diam. : 0,77 m.
Inv. Steve 5187	Gobelet « litron »	Manufacture royale de porcelaine de Sèvres, 1782.	Dimensions : haut. : 0,044 m ; diam. : 0,049 m ; long. : 0,069 m.
Inv. Steve 5213	Gobelet « litron »	Manufacture royale de porcelaine de Sèvres, 1782.	Dimensions : haut. : 0,059 m ; diam. : 0,055 m ; prof. : 0,073 m.
Inv. Steve 5214	Soucoupe	Manufacture royale de porcelaine de Sèvres, 1782.	Dimensions : haut. : 0,030 m ; diam. : 0,120 m.
Inv. Steve 5178	Gobelet « litron »	Manufacture royale de porcelaine de Sèvres, 1782.	Dimensions : haut. : 0,058 m ; diam. : 0,054 m ; prof. : 0,073 m.
Inv. Steve 5177	Soucoupe	Manufacture royale de porcelaine de Sèvres, 1791.	Dimensions : haut. : 0,030 m ; diam. : 0,117 m.
Inv. Steve 5197	Gobelet « litron »	Manufacture royale de porcelaine de Sèvres, 1782.	Dimensions : haut. : 0,058 m ; diam. : 0,055 m ; prof. : 0,078 m.
Inv. Steve 5198	Soucoupe	Manufacture royale de porcelaine de Sèvres, 1783.	Dimensions : haut. : 0,028 m ; diam. : 0,121 m.
Inv. Steve 5181	Gobelet « litron »	Manufacture royale de porcelaine de Sèvres, 1782.	Dimensions : haut. : 0,044 m ; diam. : 0,049 m ; prof. : 0,067 m.
Inv. Steve 5182	Soucoupe	Manufacture royale de porcelaine de Sèvres, 1782	Dimensions : haut. : 0,023 m ; diam. : 0,101 m.
Inv. Steve 5202 Ancien inventaire 2459 A	Gobelet « litron » 	Manufacture royale de porcelaine de Sèvres, 1782.	Dimensions : haut. : 0,044 m ; diam. : 0,049 m ; prof. : 0,067 m.
Inv. Steve 5157	Pot à sucre « Calabre »	Manufacture royale de porcelaine de Sèvres, 1782.	Dimensions : haut. (a. c.) : 0,073 m ; haut. (s. c.) : 0,050 m ; diam. : 0,061 m.
Inv. Steve 1925	Gobelet « litron »	Manufacture royale de porcelaine de Sèvres, 1783.	Dimensions : haut. : 0,058 m ; diam. : 0,055 m ; long. : 0,075 m.
Inv. Steve 5205	Gobelet « litron »	Manufacture royale de porcelaine de Sèvres, 1784.	Dimensions : haut. : 0,058 m ; diam. : 0,056 m ; prof. : 0,075 m.
Inv. Steve 5206	Soucoupe	Manufacture royale de porcelaine de Sèvres, 1784.	Dimensions : haut. : 0,029 m ; diam. : 0,120 m.
Inv. Steve 1924	Soucoupe	Manufacture royale de porcelaine de Sèvres, 1784.	Dimensions : haut. : 0,025 m ; diam. : 0,105 m.
Inv. Steve 1928	Gobelet « litron »	Manufacture royale de porcelaine de Sèvres, 1785.	Dimensions : haut. : 0,058 m ; diam. : 0,055 m ; prof. : 0,078 m.
Inv. Steve 1929	Soucoupe	Manufacture royale de porcelaine de Sèvres, 1785.	Dimensions : haut. : 0,029 m ; diam. : 0,120 m.
Inv. Steve 5235	Gobelet « litron »	Manufacture royale de porcelaine de Sèvres, 1785.	Dimensions : haut. : 0,058 m ; diam. : 0,056 m ; prof. : 0,078 m.
Inv. Steve 3574	Soucoupe	Manufacture royale de porcelaine de Sèvres, 1785.	Dimensions : haut. : 0,029 m ; diam. : 0,119 m.
Inv. Steve 5183	Gobelet « litron »	Manufacture royale de porcelaine de Sèvres, vers 1785.	Dimensions : haut. : 0,046 m ; diam. : 0,050 m ; prof. : 0,068 m.
Inv. Steve 5184	Soucoupe	Manufacture royale de porcelaine de Sèvres, vers 1785.	Dimensions : haut. : 0,023 m ; diam. : 0,112 m.
Inv. Steve 1924	Soucoupe	Manufacture royale de porcelaine de Sèvres, 1785.	Dimensions : haut. : 0,025 m ; diam. : 0,105 m.
Inv. Steve 4852	Gobelet « litron »	Manufacture royale de porcelaine de Sèvres, 1786.	Dimensions : haut. : 0,067 m ; diam. : 0,049 m ; prof. : 0,064 m.
Inv. Steve 4853	Soucoupe	Manufacture royale de porcelaine de Sèvres, 1786.	Dimensions : haut. : 0,022 m ; diam. : 0,093 m.
Inv. Steve 5207	Gobelet « litron »	Manufacture royale de porcelaine de Sèvres, 1786.	Dimensions : haut. : 0,058 m ; diam. : 0,055 m ; prof. : 0,078 m.
Inv. Steve 2678	Soucoupe	Manufacture royale de porcelaine de Sèvres, 1786.	Dimensions : haut. : 0,028 m ; diam. : 0,121 m.
Inv. Steve 1926	Gobelet « litron »	Manufacture royale de porcelaine de Sèvres, 1786.	Dimensions : haut. : 0,059 m ; diam. : 0,055 m ; prof. : 0,073 m.
Inv. Steve 1927	Soucoupe	Manufacture royale de porcelaine de Sèvres, 1786.	Dimensions : haut. : 0,023 m ; diam. : 0,107 m.
Inv. Steve 5208	Soucoupe 	Manufacture royale de porcelaine de Sèvres, 1786.	Dimensions : haut. : 0,029 m ; diam. : 0,120 m.
Inv. Steve 5176	Gobelet « litron »	Manufacture royale de porcelaine de Sèvres, vers 1785.	Dimensions : haut. : 0,061 m ; diam. : 0,056 m ; prof. : 0,076 m.
Inv. Steve 5175. 	Soucoupe	Manufacture royale de porcelaine de Sèvres, vers 1785.	Dimensions : haut. : 0,027 m ; diam. : 0,123 m.
Inv. Steve 4847	Soucoupe 	Manufacture royale de porcelaine de Sèvres, 1786.	Dimensions : haut. : 0,029 m ; diam. : 0,126 m.
Inv. Steve 5036	Pot à sucre « Calabre » 	Manufacture royale de porcelaine de Sèvres, 1786.	Dimensions : haut. (s. c.): 0,080 m ; haut. (a. c.) : 0,110 m ; diam. : 0,095 m. 
Inv. Steve 1294	Plateau « octogone »	Manufacture royale de porcelaine de Sèvres, 1786.	Dimensions : haut. : 0,032 m ; long. : 0,245 m; larg. : 0,220 m.
Inv. Steve 1292	Gobelet « litron »	Manufacture royale de porcelaine de Sèvres, 1786.	Dimensions : haut. : 0,059 m ; diam. : 0,055 m ; prof. : 0,073 m.
Inv. Steve 1293	Soucoupe	Manufacture royale de porcelaine de Sèvres, 1786.	Dimensions : haut. : 0,030 m ; diam. : 0,120 m.
Inv. Steve 1291	Pot à lait « à trois pieds »	Manufacture royale de porcelaine de Sèvres, 1786.	Dimensions : haut. : 0,098 m ; long. : 0,109 m ; larg. : 0,075 m.
Inv. Steve 1290	Pot à sucre « Bouret »	Manufacture royale de porcelaine de Sèvres, 1786.	Dimensions : haut. (a. c.) : 0,098 m ; haut. (s. c.) : 0,070 m ; diam. : 0,080 m.
Inv. Steve 1289	Théière « Calabre »	Manufacture royale de porcelaine de Sèvres, 1786.	Dimensions : haut. (a. c.) : 0,120 m ; haut. (s. c.) : 0,095 m ; long. : 0,155 m; larg. : 0,085 m.
Inv. Steve 1942	Gobelet « litron »	Manufacture royale de porcelaine de Sèvres, 1787.	Dimensions : haut. : 0,065 m ; diam. : 0,065 m ; prof. : 0,090 m.
Inv. Steve 1943	Soucoupe	Manufacture royale de porcelaine de Sèvres, 1787.	Dimensions : haut. : 0,030 m ; diam. : 0,117 m.
Inv. Steve 5218	Gobelet « litron »	Manufacture royale de porcelaine de Sèvres, 1787.	Dimensions : haut. : 0,030 m ; diam. : 0,035 m ; prof. : 0,048 m.
Inv. Steve 5219	Soucoupe	Manufacture royale de porcelaine de Sèvres, 1787.	Dimensions : haut. : 0,021 m ; diam. : 0,080 m.
Inv. Steve 1295	Soucoupe 	Manufacture royale de porcelaine de Sèvres, 1787.	Dimensions : haut. : 0,030 m ; diam. : 0,121 m.
Inv. Steve 5211	Gobelet « litron »	Manufacture royale de porcelaine de Sèvres, 1788.	Dimensions : haut. : 0,057 m ; diam. : 0,055 m ; prof. : 0,074 m.
Inv. Steve 5212	Soucoupe	Manufacture royale de porcelaine de Sèvres, 1789.	Dimensions : haut. : 0,030 m ; diam. : 0,1321 m.
Inv. Steve 4860	Théière « Calabre »	Manufacture royale de porcelaine de Sèvres, vers 1788.	Dimensions : haut. (a. c.) : 0,120 m ; haut. (s. c.): 0,095 m ; long. : 0,155 m ; larg. : 0,085 m.
Inv. Steve 5239	Soucoupe	Manufacture royale de porcelaine de Sèvres, 1790.	Dimensions : haut. : 0,029 m ; diam. : 0,120 m.
Inv. Steve 5230	Gobelet « litron »	Manufacture royale de porcelaine de Sèvres, 1791.	Dimensions : haut. : 0,047 m ; diam. : 0,050 m ; prof. : 0,070 m.
Inv. Steve 5233	Soucoupe	Manufacture royale de porcelaine de Sèvres, 1791.	Dimensions : haut. : 0,023 m ; diam. : 0,108 m.
Inv. Steve 4867	Pot à lait « aiguière »	Manufacture royale de porcelaine de Sèvres, 1791.	Dimensions : haut. : 0,143 m ; long. : 0,135 m ; larg. : 0,083 m.
Inv. Steve 1930	Gobelet « litron »	Manufacture de porcelaine de Sèvres, 1795.	Dimensions : haut. : 0,044 m ; diam. : 0,049 m ; prof. : 0,069 m.
Inv. Steve 1931	Soucoupe	Manufacture de porcelaine de Sèvres, 1795.	Dimensions : haut. : 0,023 m ; diam. : 0,107 m.
Inv. Steve 3393	Assiette « à cordonnet »	Manufacture royale de porcelaine de Vincennes, vers 1752-1753.	Dimensions : haut. : 0,034 m ; diam. : 0,242 m.
Inv. Steve 3394	assiette « à cordonnet »	Manufacture royale de porcelaine de Vincennes, vers 1752-1753.	Dimensions : haut. : 0,034 m ; diam. : 0,242 m.
